{
    "id": 1250,
    "name": "Claustrophobia",
    "author": "GMDKOMARU",
    "creators": ["GMDKOMARU"],
    "verifier": "GMDKOMARU",
    "verification": "https://www.youtube.com/watch?v=ijis9jdh0Lg",
    "percentToQualify": 67,
    "password": "Free To Copy",
    "records": [
        {
            "user": "PashaNanix",
            "percent": 100,
            "hz": 60
        },
        {
            "user": "StintlerGD",
            "percent": 100,
            "hz": 60
        },
        {
            "user": "normalpersonGD",
            "percent": 100,
            "hz": 144
        }
    ]
}
