{
    "id": 1348,
    "name": "Doroga Do SVO",
    "author": "GMDKOMARU",
    "creators": ["GMDKOMARU"],
    "verifier": "GMDKOMARU",
    "verification": "https://www.youtube.com/watch?v=AMxOPKlhfQY",
    "percentToQualify": 100,
    "password": "Free To Copy",
    "records": [
        {
            "user": "PashaNanix",
            "link": "",
            "percent": 100,
            "hz": 60
        },
        {
            "user": "normalpersonGD",
            "link": "",
            "percent": 100,
            "hz": 144
        }
    ]
}
