{
    "id": 1401,
    "name": "Glater",
    "author": "PashaNanix",
    "creators": ["PashaNanix"],
    "verifier": "PashaNanix",
    "verification": "https://youtu.be/L5N2Y211_VI",
    "percentToQualify": 100,
    "password": "Free To Copy",
    "records": [
        {
            "user": "GMDKOMARU",
            "link": "",
            "percent": 100,
            "hz": 60
        },
        {
            "user": "normalpersonGD",
            "link": "",
            "percent": 100,
            "hz": 144
        }
    ]
}
