{
    "id": 1702,
    "name": "Hell But Is Invis",
    "author": "SpeedMaxGD",
    "creators": ["SpeedMaxGD"],
    "verifier": "SpeedMaxGD",
    "verification": "https://www.youtube.com/watch?v=Xked7UfarP0",
    "percentToQualify": 100,
    "password": "Free To Copy",
    "records": [
        {
            "user": "StintlerGD",
            "link": "",
            "percent": 100,
            "hz": 60
        },
        {
            "user": "normalpersonGD",
            "link": "",
            "percent": 100,
            "hz": 144
        }
    ]
}
