{
    "id": 1464,
    "name": "Kaban",
    "author": "Kimech",
    "creators": ["Kimech"],
    "verifier": "Kimech",
    "verification": "https://youtu.be/w8CGJl5F78g?si=DOy7NtfPCX7jC0RA",
    "percentToQualify": 100,
    "password": "Free To Copy",
    "records": [
        {
            "user": "normalpersonGD",
            "link": "",
            "percent": 100,
            "hz": 144
        },
        {
            "user": "StintlerGD",
            "link": "",
            "percent": 100,
            "hz": 60
        }
    ]
}
