{
    "id": 1098,
    "name": "Kronos I",
    "author": "PashaNanix",
    "creators": ["PashaNanix"],
    "verifier": "PashaNanix",
    "verification": "https://www.youtube.com/watch?v=PtHqzwhPzrE",
    "percentToQualify": 52,
    "password": "Free To Copy",
    "records": [
        {
            "user": "StintlerGD",
            "link": "",
            "percent": 100,
            "hz": 60
        },
        {
            "user": "normalpersonGD",
            "link": "",
            "percent": 100,
            "hz": 144
        }
    ]
}
