{
    "id": 1937,
    "name": "Love Circles",
    "author": "Kimech",
    "creators": ["Kimech"],
    "verifier": "Kimech",
    "verification": "https://www.youtube.com/watch?v=V4HUmlLrIdc",
    "percentToQualify": 100,
    "password": "Free To Copy",
    "records": [
        {
            "user": "normalpersonGD",
            "link": "",
            "percent": 100,
            "hz": 144
        },
        {
            "user": "StintlerGD",
            "link": "",
            "percent": 100,
            "hz": 60
        }
    ]
}
