{
    "id": 1675,
    "name": "pESmAYONES",
    "author": "DomVkusYEPTA",
    "creators": ["DomVkusYEPTA"],
    "verifier": "DomVkusYEPTA",
    "verification": "",
    "percentToQualify": 100,
    "password": "Free To Copy",
    "records": [
        {
            "user": "normalpersonGD",
            "link": "",
            "percent": 100,
            "hz": 144
        },
        {
            "user": "StintlerGD",
            "link": "",
            "percent": 100,
            "hz": 60
        }
    ]
}
