{
    "id": 1257,
    "name": "SpArTa",
    "author": "GMDKOMARU",
    "creators": ["GMDKOMARU"],
    "verifier": "GMDKOMARU",
    "verification": "https://www.youtube.com/watch?v=bh8-VexaO_w",
    "percentToQualify": 47,
    "password": "Free To Copy",
    "records": [
        {
            "user": "PashaNanix",
            "link": "",
            "percent": 100,
            "hz": 60
        },
        {
            "user": "StintlerGD",
            "link": "",
            "percent": 100,
            "hz": 60
        },
        {
            "user": "normalpersonGD",
            "link": "",
            "percent": 100,
            "hz": 144
        }
    ]
}
